{
  "version": 2,
  "builds": [
    {
      "src": "dist/**",
      "use": "@vercel/static"
    }
  ],
  "routes": [
    {
      "src": "/_expo/(.*)",
      "dest": "/_expo/$1"
    },
    {
      "src": "/assets/(.*)",
      "dest": "/assets/$1"
    },
    {
      "src": "/(.*)",
      "dest": "/index.html"
    }
  ],
  "headers": [
    {
      "source": "/_expo/static/(.*)",
      "headers": [
        {
          "key": "Cache-Control",
          "value": "public, max-age=31536000, immutable"
        }
      ]
    }
  ]
}
